"profile_id","root_label","signoff_grade_base","signoff_grade_prof","fit_runtime_seconds_base","fit_runtime_seconds_prof","mcmc_min_ess_core_base","mcmc_min_ess_core_prof","delta_ess_core","mcmc_max_geweke_absz_core_base","mcmc_max_geweke_absz_core_prof","delta_geweke_absz","mcmc_max_half_drift_core_base","mcmc_max_half_drift_core_prof","delta_half_drift"
"R0_legacy_anchor","dlm_constV_bigW @ tau=0.05 exal ridge","FAIL","FAIL",2.452,2.286,6.25469691808839,6.79798923621074,0.54329231812235,10.7433148641946,1.30006735870406,-9.44324750549054,0.533403584978758,0.795035753692695,0.261632168713937
"R1_promoted_x10_core","dlm_constV_bigW @ tau=0.05 exal ridge","FAIL","FAIL",2.452,3.685,6.25469691808839,13.2010915352906,6.94639461720221,10.7433148641946,1.63338436823447,-9.10993049596013,0.533403584978758,1.06139006612576,0.527986481147002
"R2_x3_alternate","dlm_constV_bigW @ tau=0.05 exal ridge","FAIL","FAIL",2.452,3.682,6.25469691808839,4.30511930540578,-1.94957761268261,10.7433148641946,0.960724354625516,-9.78259050956908,0.533403584978758,0.540566763551335,0.00716317857257709
"R3_x10_plus_x8_rhsns_overlay","dlm_constV_bigW @ tau=0.05 exal ridge","FAIL","FAIL",2.452,3.734,6.25469691808839,3.48050435271685,-2.77419256537154,10.7433148641946,4.4270418761112,-6.3162729880834,0.533403584978758,1.02122358425323,0.487819999274472
