"design_key","scenario","reservoir_profile","raw_n","raw_p","raw_qr_rank","raw_rank_deficit","raw_cond_num","raw_effective_rank_1pct","raw_cor_abs_max","raw_frac_cor_abs_gt_095","scaled_cond_num","scaled_cor_abs_max","scaled_frac_cor_abs_gt_095","res_cond_num","res_cor_abs_max"
"dlm_ar1V||123||tiny_d1_n8","dlm_ar1V","tiny_d1_n8",175,21,20,1,851.167274415677,8,0.991548879685867,0.189473684210526,122.378642345677,0.991548879685867,0.189473684210526,39.5758717619811,0.991469168306737
"dlm_constV_bigW||123||tiny_d1_n8","dlm_constV_bigW","tiny_d1_n8",175,21,20,1,831.936827649054,8,0.986391522378434,0.152631578947368,121.616867816583,0.986391522378434,0.152631578947368,41.3429027563384,0.986250779992933
"dlm_constV_smallW||123||tiny_d1_n8","dlm_constV_smallW","tiny_d1_n8",175,21,20,1,884.325957816038,8,0.99245521580561,0.163157894736842,120.57732485678,0.99245521580561,0.163157894736842,46.0004137254995,0.992377226192806
