scope,p0,N,k,coverage,cov_lo95,cov_hi95,pinball
forecast,0.05,500,125,0.25,0.21404849674782103,0.2897636734829552,0.8764041140374436
forecast,0.5,500,307,0.614,0.5706131270887722,0.6556485232859939,1.9578009407331212
forecast,0.95,500,442,0.884,0.8529581630365658,0.9091863434889621,0.5585395998581988
train,0.05,4400,162,0.03681818181818182,0.03164573006548221,0.04279869802900394,0.249195930598308
train,0.5,4400,2193,0.4984090909090909,0.4836432139057596,0.5131777434036914,1.123997494291146
train,0.95,4400,4209,0.956590909090909,0.9501609971578353,0.9622242550296902,0.2594397029920939
