scope,p0,N,k,coverage,cov_lo95,cov_hi95,pinball
forecast,0.05,500,221,0.442,0.3990759531428234,0.4858084703507167,2.490432041457544
forecast,0.5,500,317,0.634,0.5909042816385175,0.6750523951177865,3.059839450242134
forecast,0.95,500,449,0.898,0.868365377095774,0.9215656478968306,0.8013804711702732
train,0.05,4000,72,0.018,0.014318422089026762,0.022606481242245464,0.2258772408669895
train,0.5,4000,1996,0.499,0.4835135495919746,0.514488369294605,1.0210779226868367
train,0.95,4000,3916,0.979,0.9740754068161337,0.9830054465123323,0.23453764866749952
