"inference","model","n_rows","n_pass","n_warn","n_fail","pass_rate","warn_rate","fail_rate","comparison_eligible_rate","runtime_sec_mean","runtime_sec_median","runtime_sec_p90","runtime_sec_total","holdout_mae_mean","holdout_mae_median","holdout_mae_p90","holdout_rmse_mean","holdout_rmse_median","holdout_rmse_p90","train_mae_mean","train_mae_median","train_mae_p90","train_rmse_mean","train_rmse_median","train_rmse_p90"
"mcmc","al",36,23,13,0,0.638888888888889,0.361111111111111,0,1,11.7888055555556,12.251,18.6785,424.397,72.8608033788035,50.9623944230789,159.925655434585,72.8608033788035,50.9623944230789,159.925655434585,NA,NA,NA,NA,NA,NA
"mcmc","exal",36,1,33,2,0.0277777777777778,0.916666666666667,0.0555555555555556,0.944444444444444,30.5015,26.2225,51.454,1098.054,42.4339839413492,26.662986735244,78.9018360662767,42.4339839413492,26.662986735244,78.9018360662767,NA,NA,NA,NA,NA,NA
"vb","al",36,29,7,0,0.805555555555556,0.194444444444444,0,1,2.83141666666667,2.9465,4.5445,101.931,7.16528016241055,5.44056865454059,14.626979395875,7.16528016241055,5.44056865454059,14.626979395875,NA,NA,NA,NA,NA,NA
"vb","exal",36,24,12,0,0.666666666666667,0.333333333333333,0,1,3.9065,4.071,5.9965,140.634,461.312547849214,10.5139200545755,2233.82684750917,461.312547849214,10.5139200545755,2233.82684750917,NA,NA,NA,NA,NA,NA
