"prior","n_rows","n_pass","n_warn","n_fail","pass_rate","warn_rate","fail_rate","comparison_eligible_rate","runtime_sec_mean","runtime_sec_median","runtime_sec_p90","runtime_sec_total","holdout_mae_mean","holdout_mae_median","holdout_mae_p90","holdout_rmse_mean","holdout_rmse_median","holdout_rmse_p90","train_mae_mean","train_mae_median","train_mae_p90","train_rmse_mean","train_rmse_median","train_rmse_p90"
"rhs_ns",72,24,46,2,0.333333333333333,0.638888888888889,0.0277777777777778,0.972222222222222,12.3289583333333,5.9145,41.6083,887.685,136.062692865637,9.97546393235825,118.774326396333,136.062692865637,9.97546393235825,118.774326396333,NA,NA,NA,NA,NA,NA
"ridge",72,53,19,0,0.736111111111111,0.263888888888889,0,1,12.1851527777778,5.093,47.9600000000001,877.331,155.823614800252,24.7194208694464,226.942326193426,155.823614800252,24.7194208694464,226.942326193426,NA,NA,NA,NA,NA,NA
