inference	model	count	reasons	ess_sigma_min	ess_sigma_median	ess_gamma_min	ess_gamma_median	ess_state_min	ess_state_median	acf1_sigma_max	acf1_gamma_max	acf1_state_max	geweke_sigma_q75	geweke_gamma_q75	geweke_state_q75	drift_sigma_q75	drift_gamma_q75	drift_state_q75	vb_elbo_max	vb_sigma_tail_max	vb_gamma_tail_max	vb_delta_state_max
mcmc	dqlm	7	geweke_drift	1491.23203158041	1841.22814243555	NA	NA	66.8206895035256	102.485518351994	0.513036324524043	NA	-0.167746914922622	1.21423303736367	NA	14.7741794548079	0.0441360588198464	NA	0.261342221353814	NA	NA	NA	NA
mcmc	exal	21	half_chain_drift | high_autocorrelation | high_autocorrelation; geweke_drift; half_chain_drift | low_ess | low_ess; geweke_drift; half_chain_drift | low_ess; half_chain_drift | low_ess; high_autocorrelation | low_ess; high_autocorrelation; half_chain_drift	6.59717079909293	20.4659221081258	1.403241780357	3.11481492670411	35.635122479891	80.790987425368	0.994789847920738	0.999221502053543	0.937531024355791	3.44090058918201	3.2486172862052	1.01928209910598	0.947984908011329	1.37840341570404	0.219938003947281	NA	NA	NA	NA
mcmc	exdqlm	16	geweke_drift | half_chain_drift | high_autocorrelation; geweke_drift | high_autocorrelation; geweke_drift; half_chain_drift | low_ess; geweke_drift; half_chain_drift | low_ess; half_chain_drift | low_ess; high_autocorrelation; half_chain_drift	2.05266823209395	10.4810708384991	1.92093117206555	5.7519667793645	53.1839245571489	115.006391105423	0.999486900449408	0.999218612058143	-0.163037133210033	4.77717701490068	4.01927979146964	14.1742880821234	1.41266453032444	1.38966772028008	0.292635108114105	NA	NA	NA	NA
vb	exdqlm	5	ld_unstable; vb_converged_false; core_parameter_tail_unstable	NA	NA	NA	NA	NA	NA	NA	NA	NA	NA	NA	NA	NA	NA	NA	0.00398326603689869	0.000978061311737913	0.190132691055158	0.428517916444434
